,Datetime,Tweet Id,Text
0,2016-11-28 16:22:45+00:00,803272930247385089,"@p_finster The official story just doesn't make sense. Plus, one has to wonder why in many countries it's illegal to question it."
1,2016-11-28 16:21:29+00:00,803272612331679744,"@p_finster And then there's the changing Auschwitz numbers, and the Red Cross says far less than 6m Jews who died."
2,2016-11-28 16:20:15+00:00,803272300078530562,"@p_finster After extensive research into BOTH sides, I no longer believe that it happened. Just too many 'survivors' caught in lies, etc."
3,2016-11-28 16:18:55+00:00,803271967902232576,"@p_finster I used to believe all the stories, just like anybody else. But then I started researching it and found some things didn't add up."
4,2015-11-10 03:08:27+00:00,663916097716948992,The truth fears no investigation! No one should be locked up for asking questions. #WeAreUrsula
5,2015-09-29 01:30:04+00:00,648671047248510976,"@IntotheWoods132 I used to be sickened by it, too. But then I learned the truth."
6,2015-09-11 10:11:46+00:00,642279358867087361,Iran is not the enemy! https://t.co/YK2MOXjF51
7,2015-08-04 07:51:28+00:00,628473312855855104,"@HMarkwotan If all you can do is throw around insults, I'm done. Remember, YOU  asked ME to debate. I accepted, you backed out."
8,2015-08-04 00:20:32+00:00,628359831443800064,@HMarkwotan Clearly you know nothing about Hitler. You believe the lies told about him. He SUCCEEDED in his original mission!
9,2015-08-03 17:12:48+00:00,628252188867846145,@HMarkwotan If you hate Hitler so much why do you keep talking about the '4th Reich?'
10,2015-08-03 02:25:13+00:00,628028821548179456,"@HMarkwotan You invited me to debate, I accepted, and now YOU backed out because I'm American. Don't ask for a debate if you won't debate!"
11,2015-08-03 02:24:22+00:00,628028606648856576,"@HMarkwotan ...And this is why every single 'movement' fails. No unity, anywhere. As for white supremacy... http://t.co/JaHrWEsota"
12,2015-08-02 22:38:32+00:00,627971774064553985,"@HMarkwotan You said you wanted to debate me, and so I said, ok let's debate. All you've done since then is attack me. This isn't debating."
13,2015-08-02 22:26:01+00:00,627968622120562688,"@HMarkwotan Tell me, what do you believe in?"
14,2015-08-02 22:13:39+00:00,627965509095563264,@HMarkwotan Whatever dude. People like you make the REAL National Socialists look bad. http://t.co/Yjn5HMgygr
15,2015-08-02 21:40:55+00:00,627957271880863745,@HMarkwotan So are we debating the 'Hoax or not?
16,2015-08-02 21:23:50+00:00,627952973172244480,"@HMarkwotan Lmao are we debating the 'Hoax, or are you just going to attack me for what you believe my ancestors to be?"
17,2015-08-02 21:02:03+00:00,627947493897183233,"@HMarkwotan I'm an American, German ancestry."
18,2015-08-02 20:45:33+00:00,627943341263618048,"@HMarkwotan Ok, let's debate! Something specific you want to start off with? The 6m figure? Anne Frank? Gas chambers? Something else?"
19,2015-08-02 20:12:58+00:00,627935139482497025,'Shocking' Holocaust Study Claims Nazis Killed Up To 20 Million People http://t.co/JsWe6Q0Zv0 via @bi_contributors
20,2015-08-01 11:24:05+00:00,627439653822570496,APNewsBreak: Germany shelves Nazi crimes probe of US man http://t.co/NNiqsA6seN via @YahooNews
21,2015-07-30 22:14:43+00:00,626878616576618496,Wounded Veterans https://t.co/f0AlMZAWxC via @YouTube
22,2015-07-28 09:23:37+00:00,625959787616948224,http://t.co/3hLGnOoCHB
23,2015-07-25 10:59:49+00:00,624896830749437952,@MartinTheSpur @rustymanual84 @avibarr @patersonangus Including the Red Cross documents that say MUCH less than 6 mil Jews died?
24,2015-07-19 16:29:15+00:00,622805411360411648,I love it when people say I'm wrong but then refuse to actually debate me instead of using ad hominems and making excuses to avoid a debate.
25,2015-07-16 23:28:27+00:00,621823743145451520,@patersonangus Then I started studying a little more and realized that too many things with the 'official' story just didn't add up.
26,2015-07-16 23:27:36+00:00,621823529378574336,"@patersonangus If you can prove me wrong, then do it. I used to be just like you and believe it all."
27,2015-07-16 22:05:44+00:00,621802924616736768,@avibarr @MartinTheSpur @patersonangus But can you refute anything I've said?
28,2015-07-05 01:57:19+00:00,617512548661858304,@critiquekyle Actually I'm a National Socialist. Fascism is a different ideology.
29,2015-05-25 00:18:55+00:00,602629884419174400,@patersonangus The truth fears no investigation and does not require a law to protect it.
30,2015-05-25 00:17:19+00:00,602629484156686336,@patersonangus And then of course there's Elie Weasel's mysteriously vanishing tattoo. Hmm...
31,2015-05-25 00:13:35+00:00,602628542518710272,"@patersonangus Or all the doctored photographs? If it happened like they say it did, there would be NO NEED to create their own evidence..."
32,2015-05-25 00:12:30+00:00,602628269536575490,@patersonangus Or how about the soap and lampshade stories which were proven false?
33,2015-05-25 00:11:22+00:00,602627982872727552,"@patersonangus  ""Mountains of evidence."" Like the changing Auschwitz numbers? Or the original 'electric conveyor belt' claims?"
34,2015-05-23 18:46:53+00:00,602183936350015488,"@patersonangus So you're saying free speech (a basic human right, not just in America) should be illegal because someone might get offended?"
35,2015-05-18 16:15:05+00:00,600333798991994880,http://t.co/R03kcsm30S
36,2015-05-03 04:33:17+00:00,594721365158133760,"Nice to see that after two years of running this Twitter I've reached 1000 followers. Thank you, everyone."
37,2015-04-25 19:30:12+00:00,592047980636692480,@Ironwand @EnglishBrit123 Rand is a false prophet... I used to support him and then I found out he wants the USA to be Israel's bitch
38,2015-04-25 19:27:38+00:00,592047333770166272,@WhiteResister @Victoria_1488  The truth doesn't fear investigation &amp; doesn't need a law to protect it. Why make it illegal? Hmmmm...
39,2015-04-25 19:25:48+00:00,592046872832905216,@Jew4palestine @MLKstudios @Ask_Netanyahu @bintelshalabiya ISIS=Israeli Secret Intelligence Service
40,2015-04-25 19:23:27+00:00,592046280295194625,"@WhiteResister @TheNaziEra Ok, but they're playing into the gas chamber hoax &amp; the 'final solution' myth. Not exactly the best thing."
41,2015-04-25 19:09:20+00:00,592042728407564289,"@chairmannsfm The evidence would speak for itself. But instead, they had to create their OWN evidence. Hmm..."
42,2015-04-25 19:08:45+00:00,592042582236082176,"@chairmannsfm If the 'hoax happened how they claim it did, there would be no need to fake all these photos."
43,2015-04-24 22:12:33+00:00,591726448756535296,http://t.co/lCxCvxCzxd
44,2015-04-10 09:49:21+00:00,586465984124358657,http://t.co/7zt2K5wHI4
45,2015-04-07 23:58:42+00:00,585592568852910080,@spaat7 wtf is this list you added me to?
46,2015-04-04 15:14:39+00:00,584373521444380672,@TheCountLives thanks for the warning
47,2015-03-27 15:56:55+00:00,581485055006097409,@netanyahu http://t.co/BpbgWRnRp2
48,2015-03-27 15:54:48+00:00,581484523084492801,@TheRevAl http://t.co/Q6HCbMlpAz
49,2015-03-27 15:53:17+00:00,581484143176974336,http://t.co/jo6cQW080n
50,2015-02-21 11:42:22+00:00,569099808440492032,Just topped 900 followers. Let's get the truth out there! http://t.co/VMCKLE8s9x
51,2015-02-21 11:41:11+00:00,569099509525032960,http://t.co/DtzeMoRw7K
52,2015-02-18 21:09:24+00:00,568155341986271232,http://t.co/aWZhLXhBy3
53,2015-01-25 04:31:34+00:00,559206923019358208,Sick of hearing how great Israel is..... They're terrorists. Not Iran.
54,2015-01-24 06:12:05+00:00,558869831080890368,AWHM has been exposed once again. http://t.co/iU34FZWMsL
55,2015-01-08 20:28:34+00:00,553287166864809984,@AryanFascist101 Putin is a puppet like the rest of them
56,2014-12-19 02:16:31+00:00,545764586670931968,"Boo hoo, someone insulted the crybaby! http://t.co/9aKm0o6YKA"
57,2014-12-17 02:56:24+00:00,545049845061271552,800+ followers now... Thanks y'all.
58,2014-11-12 11:43:23+00:00,532498888583020545,Photo: obamadawn: Wegman‚Äôs Adheres to Sharia and Creates a Halal Checkout Line for Muslim Cashier..Is this... http://t.co/6d0TuyIGt4
59,2014-11-10 13:23:36+00:00,531799334850146304,"Cops Didn‚Äôt Like This Man‚Äôs Facebook Comment, So They Bullied His Employer into Firing Him -... http://t.co/RZ31GTVMbw"
60,2014-11-10 12:50:13+00:00,531790935152394240,Photoset:  http://t.co/QANmK7Pm0E
61,2014-11-08 11:32:34+00:00,531046617336799232,@chairmannsfm i know. i just enjoy debating people.
62,2014-11-08 10:17:59+00:00,531027849025978369,Photo: revoltaginstmodernworld: rtrixie: And here you see the self hating white european leftist in his... http://t.co/itbohnppY7
63,2014-11-08 10:13:50+00:00,531026804237430785,Photo: classysassyrepublican: My phone gets it üá∫üá∏üêòüá∫üá∏ http://t.co/k70wP31RyI
64,2014-11-08 10:03:23+00:00,531024174048104449,cerebralzero: Sometimes I really wish I could sit down with gun control advocates and have them explain in... http://t.co/Cc31xPtTaK
65,2014-11-08 09:30:13+00:00,531015825457967104,Photo: ancientwolf592: This looks beautiful. That looks awesome. http://t.co/jEih6TTM1O
66,2014-11-08 09:29:37+00:00,531015676203646976,Photoset: hominishostilis: land-of-propaganda: 90-Year-Old Florida Man Charged For Feeding Homeless People... http://t.co/lEp4wIlzxl
67,2014-11-08 08:39:17+00:00,531003009946644480,@chairmannsfm You know it!
68,2014-11-05 01:07:23+00:00,529802120866721792,Photo:  http://t.co/BkmqNxvN7V
69,2014-11-03 17:19:52+00:00,529322078579986432,@SiatrisT Not sure...
70,2014-11-02 15:16:31+00:00,528928648351731713,Stupid fucking idiots... They have no argument so they come up with this stupid bullshit. smh http://t.co/Dx8XMGGEiq
71,2014-11-02 14:07:53+00:00,528911375851343872,Video: 1945 Lost Indigenous-German Girl http://t.co/NEY45uCUht
72,2014-11-02 14:07:42+00:00,528911331110318080,1945 Lost Indigenous-German Girl: http://t.co/qIJYDRUE4Z via @YouTube
73,2014-11-02 12:12:19+00:00,528882293143011328,"Photo: fuehrer3345: scooteraz: Hitler, Goebbels and Magda Goebbels (identifiable from her big hat¬†!) at a... http://t.co/RYhCp3y57F"
74,2014-11-02 11:44:17+00:00,528875239259004930,"@DeutschBlut1488 @Wittman1488 LMAO hiding behind anon, how typical!"
75,2014-11-02 11:07:46+00:00,528866049287290880,http://t.co/wjooV0xKsy
76,2014-11-02 03:27:19+00:00,528750170637615104,"After Cops Cross ‚ÄúThin Blue Line,‚Äù City Shuts Down Entire Corrupt Police Department - Do you think more... http://t.co/vem5vpnthS"
77,2014-11-02 03:21:24+00:00,528748682200748034,@ConcernedVets @SiatrisT Glad to see he's home safe!!
78,2014-11-02 03:06:50+00:00,528745019528577024,"After Cops Cross ‚ÄúThin Blue Line,‚Äù City Shuts Down Entire Corrupt Police Department http://t.co/SARWiOoPFm via @Theantimedia1"
79,2014-11-01 23:12:03+00:00,528685933215109122,@KSWhitepride It was someone else i meant to unfollow
80,2014-11-01 23:11:37+00:00,528685822619697153,"@KSWhitepride No, sorry. I clicked unfollow on the wrong person. LOL"
81,2014-10-31 18:18:50+00:00,528249753835163648,Photo: cute-pet-animals-aww: spider spots Lol poor dog! http://t.co/ixxvYtnL2g
82,2014-10-31 11:48:36+00:00,528151547989872641,Photo:  http://t.co/Weo4zlT2Bq
83,2014-10-31 10:32:27+00:00,528132385892605955,Oy vey! Another pedo Jew!? Who would have guessed? http://t.co/N30BUBhgHs
84,2014-10-30 06:13:42+00:00,527704881620975616,Save Beau the dog's life! http://t.co/6Du3zokbh3 via @Change
85,2014-10-29 06:08:54+00:00,527341286521860098,"700+ followers. Thank you all, for helping me get the truth out. I've been on here since May 2013 and it's nice to see how much it's grown."
86,2014-10-28 11:05:35+00:00,527053559448489984,Photo: forestofthenorth: wonderland on We Heart It. http://t.co/0mR0mJMhLb
87,2014-10-28 04:22:31+00:00,526952124157284352,Photo:  http://t.co/0tUzEVNocr
88,2014-10-25 09:10:00+00:00,525937307044417536,"Wolves, wildlife, and a bit of Asatru on here! Go check it out! https://t.co/zjfAcdsqQ1"
89,2014-10-23 11:41:52+00:00,525250751615238144,Photo: exposing-the-hoax: madbeardedviking: Prison complex in full effect. Disgusting.... http://t.co/v4G9lD8aBe
90,2014-10-23 11:39:09+00:00,525250066618265600,@UANationalists Proud supporter of Pravyi Sektor!
91,2014-10-23 11:37:52+00:00,525249745481367553,http://t.co/kfvwfLxCeM
92,2014-10-20 11:32:09+00:00,524161142449790977,Photoset: fnhfal: War in Ukraine¬† http://t.co/CdkySVjaFD
93,2014-10-20 09:48:50+00:00,524135142953336832,"You know what pisses me off? All these people who talk and talk and talk, yet have nothing to show for it.... http://t.co/svF22GxXzy"
94,2014-10-20 09:31:08+00:00,524130685783928832,"Someone says I'm wrong, I invite them to debate, they refuse the offer. Typical. It's because you know you'll lose."
95,2014-10-20 09:28:35+00:00,524130048081940480,"Those who talk, with no intention of acting, have no right to complain."
96,2014-10-20 09:26:49+00:00,524129600511942656,"Where is everybody? Y'all like to talk, but when it comes to actually DOING something... Nobody is there."
97,2014-10-17 06:08:36+00:00,522992556515553280,miss-jaxon-flaxon-waxon: onwardwall: thegingerbalrog: my-fandom-life: dismantlerepaired:... http://t.co/dkxayf5oSa
98,2014-10-17 05:41:33+00:00,522985749688623104,"@phm5514 This is a reply, everyone can see it. Sent you a direct message as well."
99,2014-10-17 05:39:31+00:00,522985237975150592,@phm5514 yeah sure
100,2014-10-16 09:01:12+00:00,522673603285102592,Photo:  http://t.co/sD0JiupRhk
101,2014-10-16 07:01:38+00:00,522643514950451200,Photoset: fenrirmakara: marxist-gallifreyan: saykiara: havocados: letthebeatdropx33: sckrewedup: ‚ÄúWe are... http://t.co/LPyUYicS8j
102,2014-10-16 06:57:10+00:00,522642391019556864,Photo: awwww-cute: She‚Äôs already perfected the puppy dog eyes http://t.co/3aOpP6VIwI
103,2014-10-16 06:56:48+00:00,522642295875973120,Photo: totallydeathbatss: I want this. This is badass. http://t.co/W638r2dpMy
104,2014-10-14 15:28:16+00:00,522046236665577472,"Man who regrets becoming woman criticises NHS for lack of care - rtrixie: Matthew Attonley, 30, from... http://t.co/NQsvHA2FFa"
105,2014-10-14 15:27:33+00:00,522046055995953153,Photo:  http://t.co/X6EyNLOXmt
106,2014-10-14 10:45:24+00:00,521975051261050880,Photo: Looks like Speedway‚Äôs raising its gas prices again http://t.co/BrPmXZmMoO
107,2014-10-14 08:18:23+00:00,521938053628039170,@WhiteResister: Austrian Teenager Sentenced 10 Months for Posting Swastika on Facebook http://t.co/SPEJFKAuk3
108,2014-10-14 06:05:26+00:00,521904592842661888,Video: ÍπÄÏ†ïÏùÄ ÌíçÏûêÏòÅÏÉÅ Ï§ëÍµ≠ÏóêÏÑú ÎÇúÎ¶¨ Funny Kim Jong Un music video! Go check it out http://t.co/gDEJtzaxYQ
109,2014-10-14 04:11:30+00:00,521875920903106561,PLUTON SVEA - HAIL THE SWASTIKA: http://t.co/9m8MLXXtLG via @YouTube
110,2014-10-14 02:23:27+00:00,521848731629801472,http://t.co/88a5NACCWA
111,2014-10-13 18:32:28+00:00,521730204184887296,"If anyone disagrees with my views, I welcome serious and intelligent debates. No ad hominem attacks or anything pathetic like that."
112,2014-10-13 10:07:38+00:00,521603159702380544,Photoset: nubbsgalore: photos by anderw milligan¬†of an eleven week old cub playing in a pile of autumn... http://t.co/kviqZ6IhEo
113,2014-10-13 10:07:09+00:00,521603037258059776,Photo:  http://t.co/OPawCJJtka
114,2014-10-13 10:01:28+00:00,521601606820065280,Photo: fuehrerbefehl: The Laconia Incident. Even after Adm. Doenitz issued the order some German... http://t.co/JaSFIDxuep
115,2014-10-13 10:00:24+00:00,521601339445739520,Photo:  http://t.co/SUBnith52B
116,2014-10-13 09:05:24+00:00,521587494950023168,Photo:  http://t.co/WMRCUwUYPv
117,2014-10-13 09:00:21+00:00,521586225174835202,"Photo: cute-overload: Meet Louie, my Mom‚Äôs ridiculously photogenic cat http://t.co/1FtByswCM6 http://t.co/Gx6gWpoqwp"
118,2014-10-13 08:55:47+00:00,521585077466439680,Photo:  http://t.co/dgZqngmQqH
119,2014-10-13 00:57:06+00:00,521464612232122368,@AlfieHeydrich feel free to debate me since you think I'm wrong.
120,2014-10-13 00:56:37+00:00,521464488785367040,@AlfieHeydrich not following you and i'm not jewish.
121,2014-10-12 08:53:35+00:00,521222134186905600,@AlfieHeydrich No one quite understands the situation in Ukraine. We're being duped. all the jews there are being used.
122,2014-10-12 08:52:20+00:00,521221821749014528,@AlfieHeydrich I've been in several debates about Pravyi Sektor. One of my closest friends has talked to several members of Pravyi Sektor.
123,2014-10-05 18:16:04+00:00,518826974857674752,@MadJewessWoman one of the weirdest tweets i've ever gotten.......
124,2014-09-30 01:31:32+00:00,516762235985985536,@AlfieHeydrich they're not jewish..................
125,2014-09-30 01:06:30+00:00,516755933838340098,Common Core Lesson Teaches that America is a Racist Nation http://t.co/I6UcY2VDdM
126,2014-09-29 20:15:44+00:00,516682761352933376,Cop Charged With Slamming DUI Suspects Head Into Wall: http://t.co/kulXPDi6Ew via @YouTube
127,2014-09-14 20:09:39+00:00,511245411487850497,http://t.co/vMuE6FlDoo
128,2014-09-14 20:03:02+00:00,511243748999962624,"@Mister_T_Bone i'm a 'terrorist,' huh? If you have a problem with what I post, then either debate me or fuck off."
129,2014-08-20 22:58:01+00:00,502228087510409218,Finally topped 600 on here. Thanks all for following me and for exposing the Jewish lies!
130,2014-08-20 22:55:09+00:00,502227363766468609,@carolsboy actually you're a dumbass.
131,2014-08-01 04:03:21+00:00,495057167993425920,British and American Governments: Stop supporting Israel! http://t.co/YlSKCB8YbL via @UKChange
132,2014-07-31 20:54:12+00:00,494949171896393729,we got another report-happy jew harassing us... go report 'em! https://t.co/Bdz57zEOW0
133,2014-07-20 15:21:03+00:00,490879065075617793,@AntiWhiteTrack lmao i love this page. wonder how our report friend likes it.
134,2014-07-20 15:19:18+00:00,490878624560472064,@REDRUMHEK thank you so much!
135,2014-07-12 05:52:27+00:00,487836869321707520,http://t.co/mSiwyN3o6O
136,2014-06-28 20:32:27+00:00,482984898530406402,@stellahurt1 fuck off......
137,2014-06-28 17:55:03+00:00,482945287032279040,"Yay, I succeeded in getting my name on here! Lol

http://t.co/tiKhFVj9Qe"
138,2014-06-20 11:30:30+00:00,479949408142757888,Is this loser serious? http://t.co/tiKhFVj9Qe
139,2014-06-20 10:07:57+00:00,479928633360805888,@SiatrisT @vicmandrake just blocked them myself.
140,2014-06-20 10:02:52+00:00,479927353150164993,Report this user before they report you; give them a taste of their own medicine. https://t.co/W3aSM7osnN
141,2014-05-30 20:28:36+00:00,472474679312019456,@Jefreywith2fs lmao of course I blocked the bitch. She was getting annoying.
142,2014-05-18 03:01:15+00:00,467862451506003968,Nazi Cab Driver Defends Wearing Swastika Armband: http://t.co/QNiQW6Uqzn via @YouTube
143,2014-05-14 15:34:45+00:00,466602524154155009,@stellahurt1 @hostmostess @Jefreywith2fs Please... I have this pic of an SS Honor Guard up in honor of one of my closest friends.
144,2014-05-13 21:18:27+00:00,466326630072610816,@Jefreywith2fs @hostmostess This is an interesting conversation...
145,2014-05-13 21:17:37+00:00,466326421766688768,@hostmostess @Jefreywith2fs I'm a woman....... please stop calling me a guy!
146,2014-05-13 08:57:13+00:00,466140094072492033,@hostmostess Never had a twitter troll stick around as long as you have.
147,2014-05-13 08:56:31+00:00,466139919220350976,@hostmostess @stellahurt1 You two are still around?
148,2014-05-08 11:46:24+00:00,464370732533678081,http://t.co/WzNAB2JEnC
149,2014-05-07 02:16:36+00:00,463864947768692736,This one made me laugh so fuckin' hard! http://t.co/57x8Wvrg72
150,2014-05-03 06:24:47+00:00,462477852621807617,Made this myself http://t.co/BY8UPwGyj4
151,2014-04-30 23:56:39+00:00,461655402665365504,Five Finger Death Punch - Remember Everything: http://t.co/717j30kMw5 via @YouTube
152,2014-04-25 17:23:39+00:00,459744558952116224,@hostmostess @YouTube As a matter of fact I do. I also met Ozzy a few years ago.
153,2014-04-24 18:08:19+00:00,459393414547505152,Judas Priest - Worth Fighting For: http://t.co/6ELAUrns84 via @YouTube
154,2014-04-24 04:37:40+00:00,459189407677808640,Bon Jovi - Livin' On A Prayer: http://t.co/fkGdvRa0TD via @YouTube
155,2014-04-18 09:52:30+00:00,457094307288064000,Ya can't go wrong with a little C&amp;H! http://t.co/bFkkyRrk4e
156,2014-04-18 09:49:04+00:00,457093444377137152,@hostmostess I am an American of German-Irish descent.
157,2014-04-18 09:48:36+00:00,457093326626242560,@hostmostess it doesn't matter when you were born. The problems continue even to this day.
158,2014-04-18 09:44:34+00:00,457092313441779712,"@hostmostess True, but none so much as the Jews. In fact it's the Jews pushing degenerative behavior upon the other races."
159,2014-04-18 01:00:46+00:00,456960495790989312,@hostmostess The fact that they're behind white genocide is another big reason. And the creators of communism!
160,2014-04-18 00:59:05+00:00,456960070145019904,"@hostmostess There's also the hypocrisy coming from most Jews, as well as Israel getting several million $$$ from the US every single day"
161,2014-04-18 00:57:41+00:00,456959720046493697,@hostmostess Many reasons. The fact that the jews are behind all forms of degeneracy. And then there's the amount of lies.
162,2014-04-17 16:31:03+00:00,456832218724200448,@hostmostess I started researching the holocaust and found that some things in the official story just didn't add up.
163,2014-04-17 15:53:39+00:00,456822808752844801,"@hostmostess Lol, the pic I have up is my favorite SS Honor Guard pic."
164,2014-04-17 00:01:11+00:00,456583112693014530,@hostmostess @AitkenKev i'm actually a woman... Lol
165,2014-04-17 00:00:12+00:00,456582864084013056,@hostmostess There's nothing funny about people getting sent to prison for having an opinion about something.
166,2014-04-16 05:21:15+00:00,456301273076080642,@hostmostess @AitkenKev What common ground is that?
167,2014-04-15 23:38:43+00:00,456215071157260288,@AitkenKev @hostmostess Yeah but i still like to have fun with them a bit first
168,2014-04-15 23:37:48+00:00,456214839149346816,@hostmostess @AitkenKev In Europe people get sent to prison for questioning the holocaust. You're interpreting the picture wrong.
169,2014-04-15 14:19:19+00:00,456074291994300417,@hostmostess i didn't realize you were talking about the picture at first
170,2014-04-15 14:18:35+00:00,456074108120211456,@hostmostess @AitkenKev of course it is. Do you understand the picture?
171,2014-04-15 04:04:22+00:00,455919534025613312,@hostmostess wtf are you talking about
172,2014-04-12 09:26:46+00:00,454913505855287296,"@hostmostess Nope, just at Jews."
173,2014-04-12 09:26:08+00:00,454913348875087872,@hostmostess @WeisserVogel why do you care?
174,2014-04-11 09:55:26+00:00,454558332867448832,"@hostmostess @WeisserVogel Sorry, not sorry. We don't like rats."
175,2014-04-11 04:18:07+00:00,454473444613038080,@netanyahu ◊ê◊†◊ó◊†◊ï ◊î◊ï◊®◊í◊ô◊ù ◊©◊ô◊©◊î ◊û◊ô◊ú◊ô◊ï◊ü ◊ô◊î◊ï◊ì◊ô◊ù ◊ë◊©◊ë◊ô◊ú ◊õ◊ô◊£!
176,2014-04-11 04:16:56+00:00,454473145613692928,@netanyahu Bwahahaha!!! I call bullshit on that one!
177,2014-04-11 04:16:06+00:00,454472936473128960,"@netanyahu ""Discovered.""
More like created your own and blamed it on Hamas."
178,2014-04-11 04:15:16+00:00,454472726619504641,"@netanyahu and why is that, Bibi?? Israel, the original terrorist state."
179,2014-04-11 03:56:23+00:00,454467974355619840,@hostmostess http://t.co/qLJ7bcs1xm
180,2014-04-09 22:06:08+00:00,454017442042245120,Judas Priest - Heading Out To The Highway: http://t.co/AaaxIZeDMx via @YouTube
181,2014-04-08 20:01:48+00:00,453623767009206273,"Nice, I have over 400 followers on here. Thank you all for following and helping me spread the truth."
182,2014-04-08 08:04:20+00:00,453443209277235200,@Dubdanu @stellahurt1 Of course the Jews would make up another lie. Just like the one about AH being a Rothschild. Your sources are kosher.
183,2014-04-08 08:02:11+00:00,453442669620895744,"@Jefreywith2fs Lol, ok! It's much easier for me to debate things on FB than on twitter. But it's no big deal."
184,2014-04-08 05:04:32+00:00,453397961783791616,A really good video about the holohoax. Where's The Teeth?: http://t.co/u8XODAzErO via @YouTube
185,2014-04-08 04:20:13+00:00,453386809943130112,Savitri Devi ~ Daughter of the Black Sun: http://t.co/1ban3IiETq via @YouTube
186,2014-04-07 23:39:05+00:00,453316058691022848,"@Dubdanu @Jefreywith2fs Irie, you don't know a thing about me. It shows in every tweet you send about me :)"
187,2014-04-07 23:31:50+00:00,453314235779391488,@schwarzengel88 The one from Red Ross really pisses me off. They all do but that one's the worst.
188,2014-04-07 23:27:55+00:00,453313248704471040,"@Jefreywith2fs If you want to, that is. I'll send you a link to my profile."
189,2014-04-07 23:27:21+00:00,453313105997479936,@Jefreywith2fs You know what? Look me up on facebook and we can continue our discussion there. I'll tell you how I got to be NS.
190,2014-04-07 23:25:54+00:00,453312743416688640,@BigJohnTheRed @Dubdanu @kingdunmail @stellahurt1 My name was mentioned in the very first tweet. I've been a part all along.
191,2014-04-07 23:25:06+00:00,453312540169097216,"@stellahurt1 Bobby Fischer was a Jew and he said the holocaust is a fake. So maybe he's a good jew. But he's the exception, not the rule."
192,2014-04-07 23:24:18+00:00,453312339861721088,"@stellahurt1 Then where are all the good jews, and why aren't they trying to expose the corrupt ones?"
193,2014-04-07 23:23:01+00:00,453312017177120768,"@Jefreywith2fs Hmm, not sure as to whether I should take that as a compliment or an insult."
194,2014-04-07 23:21:54+00:00,453311736603361280,@Dubdanu @stellahurt1 That's another bullshit lie.
195,2014-04-07 19:30:59+00:00,453253622386524160,@Dubdanu @kingdunmail @stellahurt1 Race is a lot more than just skin color.
196,2014-04-07 19:28:33+00:00,453253009997168640,"@Jefreywith2fs Lol, my kind is everywhere."
197,2014-04-07 19:27:49+00:00,453252827821780992,@stellahurt1 You should be asking WHY the Jews have always been persecuted the most. They've been kicked out of 109 countries.
198,2014-04-07 19:26:51+00:00,453252582832476160,@stellahurt1 I'm already hated for being me. Like right now you're attacking me for my beliefs.
199,2014-04-07 19:24:48+00:00,453252068736630784,Investigate the Death of Kelly Thomas as a Federal Case http://t.co/KjGXYjNTnZ via @Change
200,2014-04-07 02:33:44+00:00,452997622832185344,Destroying The Anti-White Arguments http://t.co/nEJXTRqn5Z via @wordpressdotcom
201,2014-04-07 01:45:37+00:00,452985514874765312,"@Jefreywith2fs Oh, there's a lot more national socialists than you know. More and more people are joining our ranks all the time."
202,2014-04-07 01:43:36+00:00,452985008035098625,@stellahurt1 I never said he was a demon. I said the jews are demonizing him.
203,2014-04-06 01:14:15+00:00,452615233459081217,@stellahurt1 All you 'know' about him is just a bunch of kosher lies spread about him to demonize him even more.
204,2014-04-06 01:13:20+00:00,452615003246325760,@Jefreywith2fs if I'm talking bollocks it should be easy to prove me wrong. So do it already!!
205,2014-04-05 15:34:48+00:00,452469410297438208,"@Jefreywith2fs YOU are the troll. This is MY twitter, where I state MY beliefs. you're the one who came to ME."
206,2014-04-05 15:33:09+00:00,452468995476582400,"@Jefreywith2fs As for my sources, look at my tweets. you'll find plenty of sources. Where are YOUR sources to debunk my claims??"
207,2014-04-05 15:32:12+00:00,452468757688889344,"@Jefreywith2fs Besides, this is twitter. 140 characters and that's it. if this was FB i'd debate you for hours."
208,2014-04-05 15:30:24+00:00,452468303600963584,@Jefreywith2fs I've actually used plenty of evidence to back up my claims. You're the one who hasn't been using evidence to back your claims
209,2014-04-05 15:28:36+00:00,452467850700025856,@stellahurt1 You don't know anything about Hitler.
210,2014-04-05 06:02:54+00:00,452325487369396224,@Jefreywith2fs I have better things to do with my life than argue with internet trolls.
211,2014-04-05 06:02:12+00:00,452325312143974400,"@stellahurt1 Oh please. Not this old bs again. As for failure, no he was not. He actually succeeded in his original mission."
212,2014-04-03 20:25:10+00:00,451817706774220800,@Jefreywith2fs From all different sources
213,2014-04-03 19:51:48+00:00,451809310440296448,@stellahurt1 Still makes no sense. Why WOULDN'T I support Hitler?
214,2014-03-31 21:20:50+00:00,450744552769331200,"@stellahurt1 Hahaha just because I didn't reply right away? FYI, I don't use twitter every single day. I do have a life outside the internet"
215,2014-03-31 21:19:47+00:00,450744288163274752,@stellahurt1 Your question makes no sense at all.
216,2014-03-31 21:19:09+00:00,450744131036250112,"@Jefreywith2fs Like I said, prove me wrong. All you do is throw around insults."
217,2014-03-28 18:35:33+00:00,449615795425800192,"@Jefreywith2fs  there we go, if you have a problem with something I say then prove me wrong. Instead you go straight for the name-calling."
218,2014-03-24 15:39:25+00:00,448121915777875969,Top Ten Reasons Why I Love Diversity - Renegade Tribune http://t.co/pRTMnFZmiQ
219,2014-03-23 09:18:53+00:00,447663764079251457,@Kungfutornado_ hahaha
220,2014-03-23 09:10:04+00:00,447661548475916289,Holocaust Hoax: Science Repudiates Mass Cremation Stories: http://t.co/YGwOQt2ijM via @YouTube
221,2014-03-21 10:13:52+00:00,446952825080131584,@LeeJohnBarnes Nice to see some genuine support for Pravy Sektor on here!
222,2014-03-20 10:58:16+00:00,446601610353864705,@NoRandomRabbits Pearl Version
223,2014-03-20 07:15:58+00:00,446545669029777408,Germany arrests 93-yo former Nazi medic over WWII Auschwitz massacres http://t.co/I9NU7q4wMu
224,2014-03-19 18:36:45+00:00,446354607485095936,"@WhiteResister: Adolf Hitler: In the Thicket of the Forest at Artois, 1916 (poem) http://t.co/2iKFMsVaVC"
225,2014-03-19 11:18:56+00:00,446244423588798464,There's a reason why they call it Pissrael! http://t.co/muYrxGnzL7
226,2014-03-17 03:30:48+00:00,445401839601606656,White Man March Alabama Controversy: http://t.co/0I9lsuHHGz via @YouTube
227,2014-03-15 18:44:31+00:00,444907007142010880,@chairmannsfm @Wittman1488 Damn... It worked for me the other day.
228,2014-03-15 10:07:12+00:00,444776823159652352,http://t.co/DQWNj0drw2
229,2014-03-15 10:06:38+00:00,444776678682681344,http://t.co/lJC2imJI5F
230,2014-03-14 21:16:28+00:00,444582857940299776,http://t.co/qwyoCSnCm5
231,2014-03-14 08:12:53+00:00,444385665631784960,http://t.co/Ebe61Sg1ze
232,2014-03-12 23:43:31+00:00,443895089215987712,"Explosion Rocks Manhattan! Two 5-Story Buildings Collapse, 1 Killed and ...: http://t.co/P7lbGzjQyk via @YouTube"
233,2014-03-11 23:06:20+00:00,443523346710286336,Obama explains the FEMA Camps: http://t.co/NQr9Wyeq7z via @YouTube
234,2014-03-11 18:27:44+00:00,443453232526807040,‚ÄòArgument over cigarette‚Äô leads to killing of Jordan judge in Israel http://t.co/NUcYfJdHJP
235,2014-03-11 05:52:48+00:00,443263246649143296,"Just made this video! Go check it out! 

A Tribute to Adolf Hitler 

http://t.co/nRJtbpwrGt"
236,2014-03-10 04:08:23+00:00,442874582882459648,White guy catches black roommate stealing http://t.co/gYAFqGwdhr
237,2014-03-10 01:19:29+00:00,442832077092700160,POLICE REFUSE ORDERS TO ENFORCE GUN LAWS! CT! REVOLUTION!: http://t.co/1LtJEMaXsr via @YouTube
238,2014-03-09 17:28:10+00:00,442713465430364160,@parasporia @NikSfikas Original pic had Hitler on the bottom. I blacked his photo out because he didn't support gun control.
239,2014-03-08 12:04:04+00:00,442269515443752961,Guns N' Roses - Yesterdays (Original): http://t.co/beMsun1Aus via @YouTube
240,2014-03-06 06:12:28+00:00,441456258294366208,According to the jews they're a threat. Neo-Nazi threat in new Ukraine: NEWSNIGHT: http://t.co/HzAQpxwmr0 via @youtube
241,2014-03-06 04:02:56+00:00,441423658192367616,Also made a Trutube account. Add me if you want. http://t.co/qdFGdffGnc
242,2014-03-06 04:02:23+00:00,441423520489152512,Made a WorldTruth account. Add me if you want. http://t.co/5IXk98HTO8
243,2014-02-27 05:05:55+00:00,438902794796298240,http://t.co/ntwo2ySnKQ
244,2014-02-27 04:40:24+00:00,438896374671630336,'I dare you take my gun!' AK-47-toting Ukraine far-right leader tells officials http://t.co/MX74EpBRg4
245,2014-02-26 11:04:00+00:00,438630521493405696,http://t.co/J9XB2TRUvt
246,2014-02-25 09:13:51+00:00,438240415121436672,@Superior1488 i was supposed to read it in high school. had i not left school early i would have done the same thing. lol
247,2014-02-25 03:45:54+00:00,438157881569841152,@Diglett50 It's always been there
248,2014-02-25 03:36:27+00:00,438155505454702593,Retweet this and show your support! They need all the support they can get right now! http://t.co/4WNeerAIVo
249,2014-02-24 04:35:57+00:00,437808091849973761,Sokyra Peruna - Heroes Of My Race: http://t.co/TyHUMvfHBh via @youtube
250,2014-02-23 06:34:14+00:00,437475470209073152,Never compare Adolf Hitler with Ocommie again!!! http://t.co/GWrKiwDEFU
251,2014-02-21 01:26:01+00:00,436673127188135936,"@SecularBobby Oh wow, another liberal hurling insults. Why don't you try arguing with facts instead, Bobby?"
252,2014-02-18 16:00:39+00:00,435806075715977217,Obama &amp; Emanuel  Members Of Same Chicago Gay Bath House http://t.co/Y2cuM2TU3F
253,2014-02-18 13:15:21+00:00,435764475614867457,I edited a popular photo to make it historically accurate! http://t.co/MPBVhCgNwl
254,2014-02-16 18:56:01+00:00,435125431381925888,Jew Tourist Shocked by Souvenirs with National Socialist Symbols Sold in Bulgaria http://t.co/T8UGrJGhMi via @WhiteResister
255,2014-02-13 20:38:04+00:00,434063948371869696,@netanyahu Even your own nephew supports Palestine! http://t.co/jIxpOc0Xqk
256,2014-02-13 20:35:58+00:00,434063419293978624,@netanyahu If you want to fight terrorism then you're going to have to fight yourself!
257,2014-02-13 20:35:17+00:00,434063246006317057,@netanyahu http://t.co/EYdK89DukQ
258,2014-02-13 20:33:27+00:00,434062785035501568,@chairmannsfm I've got nothing against the Brits. It's the Jews in power that I fight.
259,2014-02-13 20:31:35+00:00,434062317538390016,@HillaryClinton And yet you still left Chris Stevens and the others to die. #Justice4Benghazi
260,2014-02-13 20:30:07+00:00,434061947139395585,@BarackObama http://t.co/l8rWezAW8Q
261,2014-02-13 20:28:16+00:00,434061481991106560,"@BarackObama Why not raise it for everybody, not just federal workers?"
262,2014-02-13 11:10:07+00:00,433921018399162368,http://t.co/tJIgO8cR4y
263,2014-02-13 11:06:56+00:00,433920217056436224,@SperoPatria The damn dirty Jew!
264,2014-02-11 21:20:42+00:00,433349901594800128,http://t.co/TGoJi9j1HX
265,2014-02-09 18:18:52+00:00,432579366229262336,http://t.co/uLgExcfRTF
266,2014-01-29 00:09:20+00:00,428318911625302016,@gitusucka At least I'm not Jewish!
267,2014-01-28 08:49:44+00:00,428087486540042240,Please sign this petition to deport Justin Bieber!!! https://t.co/g7HEE4MLeK
268,2014-01-28 00:19:10+00:00,427958997807665152,@TheJewEgg @clintderry @gitusucka Define 'racist.' Define 'Nazi.'
269,2014-01-26 04:36:54+00:00,427299080532791296,@MariiskaaaM @YouTube Yeah it's one of my favorites
270,2014-01-25 09:47:03+00:00,427014744055107584,Avenged Sevenfold - Hail To The King [Official Music Video]: http://t.co/Rajgv3uSem via @youtube
271,2014-01-24 22:26:25+00:00,426843457601015808,"if you can't even define the word 'racist,' you probably shouldn't keep calling someone a racist just because they disagree with you."
272,2014-01-22 10:11:05+00:00,425933629093445632,@KnightsofChrist @theninnynacks it was Admiral Karl Donitz.
273,2014-01-22 08:04:19+00:00,425901725854089216,"@DieVersityKills Me too, the REAL holocaust! http://t.co/RQnKSLnjaT"
274,2014-01-22 06:41:16+00:00,425880829231763456,Don't forget the $6 million lost on Holy Hoax Remembrance Day! #gaschambers #heilhitler #Holohoax http://t.co/9TjintJnD3
275,2014-01-21 23:02:16+00:00,425765317071998976,So Kayne West is threatening to leave the US because of racism? Let's all be a bit more racist so he actually DOES leave! #WPWW
276,2014-01-21 22:30:37+00:00,425757352311021568,Sign this petition please!!! Kasim Reed: Stop Officers from Shooting our Family Pets http://t.co/W90aMxhfhG via @Change
277,2014-01-21 13:25:47+00:00,425620238151864320,At 2:05 the kike accidentally admits that Mossad is behind the London bombings! Oops! https://t.co/g4ESYLafbw
278,2014-01-19 01:17:40+00:00,424712226994262016,@JeremyJacobite @menakem hahaha I wish Taylor had really said that...
279,2014-01-19 01:14:52+00:00,424711521780776960,"""I saw a Jewish boy playing with an ashtray, 
 I went up to him and asked, 
 ""Are you looking for someone?"""
280,2014-01-18 23:34:55+00:00,424686371261788160,Nordwind - Words of Odin: http://t.co/kEZkxjmnzm via @youtube
281,2014-01-18 21:38:35+00:00,424657093891596288,I want a gun like this one. http://t.co/VqYYX1hGlo
282,2014-01-16 08:04:15+00:00,423727385960140800,"THE ""Stop White Genocide"" Video: http://t.co/nDdAoS0nRo via @youtube"
283,2014-01-15 16:04:07+00:00,423485758385573888,"Libtard logic: Saying we need to ban guns to ""protect children,"" while supporting abortion."
284,2014-01-14 15:42:14+00:00,423117864300593155,@BarackObama Except the children who are MURDERED every year via abortion. You don't even care that they NEVER had a chance.
285,2014-01-14 15:38:49+00:00,423117003612635137,@BarackObama Four Americans got left behind in Benghazi. Where were you? #justice4benghazi
286,2014-01-14 15:34:46+00:00,423115985025916928,"Sharon was a war criminal. Just like Commie Mandela. Fuck 'em, I'm glad they're dead. Something to be celebrated."
287,2014-01-13 15:16:29+00:00,422748994591141888,Activism: ‚ÄúGoogle White Genocide‚Äù http://t.co/fHwAbaRl48
288,2014-01-07 08:52:08+00:00,420477943064719360,Israel Children celebrated successful 9/11 operation on Purim holiday: http://t.co/8jnm0SSZVs via @youtube
289,2014-01-01 23:57:59+00:00,418531581574139904,"Happy 2014, everybody! Now let's continue our mission of exposing the Jews as the bloodthirsty ratfaced parasites they are!"
290,2013-12-31 23:49:57+00:00,418167171496177664,Adolf Hitler - Saviour of Germany: http://t.co/AwAKerCp2d via @youtube
291,2013-12-25 11:39:46+00:00,415809088329506816,"@BarackObama Yeah, Americans might finally come to their senses."
292,2013-12-25 11:37:57+00:00,415808629481021440,"@BarackObama ""A peaceful Christmas Eve."" Does that include the millions you've declared war on?"
293,2013-12-25 11:33:48+00:00,415807587372638208,@HillaryClinton Christopher Stevens was looking forward to 2013 but you never gave him the chance to see it. #JusticeForBenghazi
294,2013-12-25 11:31:14+00:00,415806938010488832,Christmas: Another holiday the Christians stole from my heathen ancestors.
295,2013-12-21 05:32:40+00:00,414267153685045248,Bon Jovi - It's My Life: http://t.co/n0IlOuT8b1 via @youtube
296,2013-12-20 21:46:06+00:00,414149735591575552,"@HillaryClinton Four American men are dead, that's what difference it makes. #Benghazi"
297,2013-12-20 21:42:57+00:00,414148943413383169,@HillaryClinton Yeah Commie Mandela was a great man. He was so great that he sang about killing white people. http://t.co/RL8vBRRsUv
298,2013-12-20 06:16:57+00:00,413915909116264448,New Mexico has just adopted rainbows. Makes me want to puke.
299,2013-12-19 20:25:45+00:00,413767126462132224,"i'm not a ""homophobe."" ""Phobe"" means you're afraid of something.  I'm not AFRAID of gays, I just don't like them. Big difference."
300,2013-12-19 04:52:36+00:00,413532294901547008,http://t.co/RaXdvLURxS
301,2013-12-19 04:43:33+00:00,413530016266215424,A&amp;E made a huge mistake. People are really pissed this time. #IStandWithPhil
302,2013-12-19 04:36:52+00:00,413528333201072129,#philrobertson didn't do anything wrong. What's so terrible about having a different opinion on #gaymarriage?
303,2013-12-19 04:32:17+00:00,413527181394841600,FB users give this page a like- Support Phil Robertson.https://t.co/0noTWkRnE8
304,2013-12-19 01:15:08+00:00,413477565181857793,Six Million HoloHoax: http://t.co/1Y7qm7lx79 via @youtube
305,2013-12-19 01:13:07+00:00,413477058665123841,Holocaust or Holohoax?: http://t.co/0uvQMbm7b8 via @youtube
306,2013-12-17 23:16:44+00:00,413085381114859521,Check this page out on Facebook: https://t.co/w4t4xDEFfB
307,2013-12-17 23:10:52+00:00,413083906498232320,Please. As if we don't already have enough people complaining about the 'Hoax. http://t.co/dDr2asoS1k
308,2013-12-17 22:54:19+00:00,413079739457228800,this is their rebels that they love so much. I stand with Assad. http://t.co/QWjV1oqBZc
309,2013-12-17 22:48:33+00:00,413078290669109248,"More problems with the #Obamacare website. Hmm, who could have seen that one coming? Geniuses."
310,2013-12-17 22:33:55+00:00,413074608892305409,"The Colorado shooter was a libtard, stop trying to cover that up."
311,2013-12-17 03:31:00+00:00,412786981198761984,Finally topped 200 followers on here. It's about time.
312,2013-12-14 00:49:02+00:00,411659057464741888,@Ethnofascist this too http://t.co/fzFbb380SM
313,2013-12-14 00:13:38+00:00,411650150084247552,"Missing something, Weasel? http://t.co/Bfxn0mzXAh"
314,2013-12-14 00:07:22+00:00,411648572778491904,Another amazing miracle survivor of the Holohoax http://t.co/hNfut95xjU
315,2013-12-14 00:02:59+00:00,411647470481850369,"@NiggerHanger1 Race doesn't exist, it's just a social construct! lol"
316,2013-12-14 00:01:04+00:00,411646985947459584,oh those poor Jews! 6 million of them were gassed to death by those evil Russians! Let's pay each jew $6 million! lol http://t.co/isJFidpkDw
317,2013-12-12 23:08:55+00:00,411271476487024640,@THERACISTDOCTOR lmwao!
318,2013-12-12 23:03:03+00:00,411270000926679040,"@Kriegsson @MacAngheirr I propose mass immigration of Africans to Israhell. DIEversity is a strength,after all!"
319,2013-12-12 22:59:11+00:00,411269024400429056,@53mdr @MacAngheirr @elizmonteleone @sherrysamples Disgusting but true.
320,2013-12-12 22:47:34+00:00,411266103805878272,#oprah says that even her own kids would hate her if she had any http://t.co/1nkZIlCdzo
321,2013-12-11 05:52:29+00:00,410648260689149953,@mysteryquest fuck off jew puppet
322,2013-12-11 05:50:10+00:00,410647676321951745,Not me! Fuck #Israel! http://t.co/0N2HYqogZL
323,2013-12-11 05:49:14+00:00,410647440874688512,@Netanyahu your argument is invalid. http://t.co/orkUmjkInU
324,2013-12-11 05:48:24+00:00,410647232451342336,damn kikes http://t.co/GbEUwO65pN
325,2013-12-11 05:46:54+00:00,410646855647649792,I'm getting so sick of hearing about #Zimmerman. Tray-tray was a little punk and got what he deserved. End of story. Can we please move on.
326,2013-12-11 00:59:03+00:00,410574417207361536,@buttsplc05 @davidkoller90 take away a libtard's lil words and there's no argument left. Libtards can't live without these words.
327,2013-12-11 00:57:06+00:00,410573926926782464,@obamascrewingus @Nigger_Master lmao
328,2013-12-11 00:55:42+00:00,410573572126420992,"@BadboyBNP thanks, it's a great article!"
329,2013-12-11 00:52:15+00:00,410572704173940736,fuck #Mandela he was a commie shitbag.
330,2013-12-09 22:01:22+00:00,410167309500563456,"Shut up, Alex. You sound like an idiot. http://t.co/K7uv7RCO5l"
331,2013-12-09 06:40:18+00:00,409935519309508608,Saga- Tomorrow Belongs To Me Women in The Third Reich: http://t.co/KE2QdSsg6o via @youtube
332,2013-12-06 22:20:02+00:00,409084846435491840,"While some of us are celebrating the death of Mandela, I fear for our comrades in SA. Things are about to get much worse for them."
333,2013-12-06 00:56:45+00:00,408761895760314368,Commie terrorist Mandela finally croaked: https://t.co/6rRMch5vJ2
334,2013-12-04 07:43:00+00:00,408139357036376064,I love this one http://t.co/EIeTNLWMDs
335,2013-12-04 07:36:10+00:00,408137637694676992,"The gun-grabbers usually have giant noses, I've noticed. http://t.co/GKlyFkCYRW"
336,2013-12-04 05:43:09+00:00,408109195381075969,Jews are behind the faggot pride propaganda http://t.co/z5hANXyLHo
337,2013-12-04 05:17:22+00:00,408102709946904576,@netanyahu Explain this please! http://t.co/CXxNOCpXj4
338,2013-12-04 04:17:12+00:00,408087565435019264,Sad that so many white people just don't get it. http://t.co/cJt3QmlL5j
339,2013-12-03 08:52:28+00:00,407794453592567808,Linkin Park - CASTLE OF GLASS (featured in Medal of Honor Warfighter): http://t.co/pM3QHOgP67 via @youtube
340,2013-12-03 08:37:43+00:00,407790740693975040,@netanyahu what do you have to say about this???https://t.co/x1B7y6n3ya
341,2013-12-03 08:36:08+00:00,407790342319005696,Let's expose this damn #Holohoax #Auschwitz #gaschambers nonsense once and for all! https://t.co/x1B7y6n3ya
342,2013-12-03 08:10:58+00:00,407784008781557760,@WhitePride14_88 @JeremyJacobite yeah Lady Assad looks so evil! hahaha
343,2013-11-30 17:42:28+00:00,406840666174418944,http://t.co/boEukc6bzK
344,2013-11-27 01:15:55+00:00,405505231783346176,And my newest Facebook prof... Yes I returned after all! https://t.co/kMqJ9z8rDm
345,2013-11-27 00:56:18+00:00,405500293137190913,My Google+ profile https://t.co/cuTC37aI1t
346,2013-11-27 00:54:46+00:00,405499905600278528,"@MostSecretFacts I know, i'm lonely as hell and I sleep a lot"
347,2013-11-27 00:54:04+00:00,405499732845281280,"Check this out on Google+, it is the NSforA's new community https://t.co/GPRxU8r9p6"
348,2013-11-26 21:30:04+00:00,405448392311975937,"@whitexreaper Definitely white nigger supporters. Niggers are dumb, but wiggers are traitors."
349,2013-11-24 02:58:43+00:00,404443938364608513,"@way2wonderland Getting closer, but I bet they still scream, ""Holocaust!"" whenever they want money."
350,2013-11-23 04:34:20+00:00,404105610243088384,@battlefortexas @tedviker They've got the biggest noses too!
351,2013-11-23 04:06:56+00:00,404098717927899136,I know I'm going to take a lot of shit for this but... Christianity is a Jewish scam to enslave white people's minds!
352,2013-11-17 05:56:09+00:00,401951876049948672,President Psycho http://t.co/AsDIHPMXCW
353,2013-11-17 00:18:54+00:00,401867001619959809,A BEAUTIFUL SIGHT!!! #youtube P≈Çonie tƒôcza p≈Çonie http://t.co/Zcau271T58
354,2013-11-14 19:05:33+00:00,401063368246562816,'Skin colour' paint reported as racist http://t.co/UTC3nXW44k via @TheLocalSweden
355,2013-11-12 02:28:48+00:00,400087754928709632,HITLER DID NOT WANT WAR! http://t.co/nmUk8D8Slp
356,2013-11-05 00:09:47+00:00,397516052394823680,Terror suspect Mohammed Ahmed Mohamed on the run after changing into burka on London mosque visit http://t.co/KavLaOHRfy
357,2013-11-04 14:09:01+00:00,397364865662074880,#youtube Triumph des Willens (1935) - Triumph of the Will http://t.co/SmlWVuCuLE
358,2013-10-26 14:08:12+00:00,394103171293122560,Just found a jew who was following me. Blocked him right quick. I don't need a kike trolling me!
359,2013-10-26 04:54:49+00:00,393963906869493760,They need to bring #Ahmadinejad back into power. #Rouhani seems to love kikes.
360,2013-10-26 04:53:41+00:00,393963621501644800,@mescan_judo Not the least bit surprising!
361,2013-10-26 04:52:44+00:00,393963382908669952,"@thepokemonworid @ashofpallettown Sinnoh and Hoenn are my favorites. Pearl is my fave game, Ruby was my first. I love all Pok√©mon though."
362,2013-10-26 01:29:34+00:00,393912252136697856,"Problems with the #Obamacare website, we all saw that coming."
363,2013-10-25 20:46:16+00:00,393840957260431360,#youtube SKREWDRIVER-WHITE POWER +lyrics http://t.co/hjqgzMmP55
364,2013-10-25 20:40:28+00:00,393839499622764544,@jeremyjacobite @slavecatcher88 Sickening! They're a disgrace to the White Race.
365,2013-10-25 20:39:02+00:00,393839138644164609,"Still waiting for the mythical ""good"" Jew to come out of hiding..."
366,2013-10-24 23:09:14+00:00,393514549145792512,@mynt_t Hollyhoax= Hollywood + Holocaust Hoax
367,2013-10-24 21:37:11+00:00,393491386466836480,"Even if the Hollyhoax happened exactly how the kikes claim, I'm not cryin over those Jews. Fuck 'em. #WPWW #HeilHitler #gaschambers"
368,2013-10-24 03:07:44+00:00,393212182252748800,"@netanyahu Don't be a hypocrite, if #Iran can't build nukes, then #Israel should also give up its nukes."
369,2013-10-24 03:04:59+00:00,393211489911574528,@netanyahu #Palestine will be free!
370,2013-10-24 03:00:58+00:00,393210480010854402,@negerjeger that's why I don't trust niggers.
371,2013-10-22 02:44:38+00:00,392481592444461056,@funnypokemon love that mewtwo quote!
372,2013-10-22 02:42:45+00:00,392481119184367616,"If making guns illegal will stop shooting sprees, we should make heroin and coke illegal too! #guncontrol doesn't work"
373,2013-10-22 02:40:48+00:00,392480629826527232,I've been banned from Fakebook. Guess Fuckerberg must be worried. #WPWW
374,2013-10-19 02:54:04+00:00,391396804476293120,@netanyahu I'm going to nuke #Israel
375,2013-10-19 02:53:31+00:00,391396665749688320,@netanyahu FUCK YOU!!! #HeilHitler
376,2013-10-08 21:58:00+00:00,387698418128519168,Joos keep banning me but I guess I'm back again. #HeilHitler
377,2013-07-17 03:08:43+00:00,357336029214146560,#youtube ASIANA FLIGHT 214 PILOT'S NAMES RELEASED BY KTVU (VERY FUNNY FAIL!!!!!!!!) http://t.co/McLtHK1hb4
378,2013-07-16 04:01:26+00:00,356986908569632770,Jew promotes crossdressing camp for children http://t.co/3FLBMWoWJr
379,2013-07-16 03:55:28+00:00,356985408418086912,"@violenceawhites @fufu_manchu @godlessmessiah @guardianista_ I hate Churchill. He was a puppet for the ZOG, and a war criminal as well."
380,2013-07-14 03:16:52+00:00,356250919047921665,@blueclue haha funny! especially since I don't have a mother!
381,2013-07-13 23:13:32+00:00,356189683941785601,I'm  sick of hearing about this trial... #Zimmerman is innocent! Let's get this case over with!
382,2013-07-09 01:55:12+00:00,354418428188180480,"@netanyahu did you miss me? I'm back, and I'm gonna gas your relatives! #gaschambers #heilhitler"
383,2013-07-09 01:48:45+00:00,354416803369336833,"Alright guys I'm back. Looks like I pissed off a few too many Jews, lol. #gaschambers #HeilHitler #WPWW"
384,2013-06-28 06:57:28+00:00,350508228217552897,#youtube How Not To Defend Atheism http://t.co/yhi6R3fEHU
385,2013-06-28 05:53:05+00:00,350492025730240513,"@irish4israel @jillpoll @stanleystinks Naw, I have no shame. No white guilt. I'm a proud National Socialist!"
386,2013-06-27 20:52:16+00:00,350355923937656832,@jillpoll @irish4israel @stanleystinks Heil Hitler!
387,2013-06-27 04:01:39+00:00,350101593317838848,"@stanleystinks @irish4israel @jillpoll Oh, I sure hope so! Gas them all, that'll give those kikes something to cry about!!!"
388,2013-06-22 17:15:14+00:00,348489369457401856,@joerebel1 You're welcome! WPWW
389,2013-06-22 01:52:16+00:00,348257094950072321,#youtube Jewish Treatment of Non-Jewish Children in Palestine Revealed in 14 Seconds http://t.co/ukBZiT0PZv
390,2013-06-21 09:49:49+00:00,348014886279847937,YES I HAVE 100 FOLLOWERS FINALLY 100 PEOPLE ACTUALLY CARE ABOUT WHAT I HAVE TO SAY 100 IS MY RECORD YAY 100
391,2013-06-21 04:58:48+00:00,347941650263330817,"@zebraalert Wow that's funny! Try searching the group name, that may be easier to find."
392,2013-06-21 03:41:26+00:00,347922178714509312,"Funny how people keep saying that they reported me for ""hate"" and yet I've never once been banned. #WPWW"
393,2013-06-21 03:35:14+00:00,347920618865455104,"@zebraalert Or you could just look my profile up. The name's Jenny Brown, my profile pic is Hitler and Mussolini."
394,2013-06-21 03:33:27+00:00,347920170578231296,@zebraalert Awesome. I've got a group yyou may be interested in. It's called National Socialists for America
395,2013-06-21 03:26:25+00:00,347918400049270785,@zebraalert you're welcome! Do you use Facebook?
396,2013-06-20 21:49:40+00:00,347833654543806464,"@zebraalert yeah, check out  http://t.co/xtt3Lo4sYn and http://t.co/xa8BMCQc9l"
397,2013-06-20 00:48:49+00:00,347516351113486337,@elderofzyklon @proleserf The jews are getting worried. They fear people like us because we know they're scumbag liars.
398,2013-06-19 23:24:20+00:00,347495089532194816,Jewish Lapdog Barack Obama Paying Respect to His Masters http://t.co/XdK0wlqsgV via @TheEndOfZioncom
399,2013-06-19 22:44:28+00:00,347485058564771841,"Obama, Putin Agree Never to Speak to Each Other Again http://t.co/9pOIrwZ1dF via @NewYorker"
400,2013-06-19 21:55:47+00:00,347472805635428352,@StanleyStinks @irish4israel They're everywhere! The jews have infiltrated every country and spread their lies.
401,2013-06-19 21:13:35+00:00,347462186156838912,http://t.co/XElc8Jm5DB
402,2013-06-19 20:37:13+00:00,347453035724828673,@RahmEmanuel I thought you might like this picture... http://t.co/nvBkeKJIP0
403,2013-06-19 20:36:30+00:00,347452853348077568,@netanyahu Check this out! http://t.co/g5HbSQX5G6
404,2013-06-19 20:32:48+00:00,347451924276207617,Help this guy out!!! http://t.co/1ibCAKvS5X
405,2013-06-19 20:29:58+00:00,347451212171460608,@irish4israel @StanleyStinks Fuck Israel! The original Terrorist country.
406,2013-06-19 20:29:15+00:00,347451029006213120,"@NRA @MikeBloomberg Does that mean bin Laden was also a victim of gun violence!? Ha! Liberal logic. Yeah, I don't understand them either."
407,2013-06-19 20:26:52+00:00,347450430890053632,"@NRA @MikeBloomberg Well there was a little boy named Martin, who was a victim of terrorism. I have no sympathy for the Tsarnaevs."
408,2013-06-19 20:08:33+00:00,347445818640453632,One Like Putin haha i love this song though i'm no fan of Putin!http://t.co/Z0ULHAkbj6
409,2013-06-19 16:52:00+00:00,347396356140322816,"@netanyahu Ich hasse du, Mistst√ºck! Du bist Schei√üe! #gaschambers #HeilHitler"
410,2013-06-19 01:31:12+00:00,347164631158095872,"@elderofzyklon Exactly! In order to keep up their six million myth, they've gotta go attacking old men. Pathetic."
411,2013-06-18 23:32:16+00:00,347134698541162496,http://t.co/rfHnCCcdQI
412,2013-06-18 23:13:32+00:00,347129985766658048,http://t.co/VR3NvAn35V
413,2013-06-18 23:09:22+00:00,347128935617802240,http://t.co/sttBPKPpdP
414,2013-06-18 23:09:02+00:00,347128853828878336,http://t.co/Ivq4xPnBlZ
415,2013-06-18 23:08:39+00:00,347128754922983425,http://t.co/DbkxGfrd0q
416,2013-06-18 21:11:05+00:00,347099170559115264,It's funny how Bibi Netanyahu never replies to any of my tweets. I guess he can't handle how awesome I am. #WPWW
417,2013-06-17 22:25:27+00:00,346755495626948609,Pravda admits: Jews dominated the murderous Soviet government: http://t.co/fPK7HMDrz9
418,2013-06-17 22:25:01+00:00,346755388009504769,"Monsey Jew Shlomo Ettlinger, an ordained rabbi, charged with drug dealing: http://t.co/Oas6owbewV"
419,2013-06-17 21:26:24+00:00,346740637359558656,@netanyahu Why don't you and your murderous kike friends leave #Palestine alone?
420,2013-06-17 21:19:13+00:00,346738827467046912,@elderofzyklon here's a link to the group if you use facebook https://t.co/5R3Hcrco8R
421,2013-06-17 21:11:24+00:00,346736860363640832,@thetomska This video always makes me crack up.http://t.co/nu81qCAypR
422,2013-06-17 20:56:20+00:00,346733071137116161,@elderofzyklon great video. i'm running a FB group that i'm turning into a NS party soon. i'll give you details if you want.
423,2013-06-17 20:40:08+00:00,346728992197464064,@ThePokemonMeme Very interesting... The only time that's ever happened!
424,2013-06-17 20:33:46+00:00,346727392754167809,@elderofzyklon Israel is a fuckin war criminal. i hate them. They can go to hell. #gaschambers #heilhitler
425,2013-06-17 20:27:31+00:00,346725818363424770,@ItsJulie1964 I don't trust Putin at all.
426,2013-06-16 07:24:57+00:00,346166489604304896,Don't piss off Muslims. They have short fuses.
427,2013-06-16 07:23:12+00:00,346166051643457536,Q: Why do Jews have big noses? A: Because air is free.
428,2013-06-16 07:03:03+00:00,346160978746023936,#youtube Obamaville Song http://t.co/xYrhdz6UM8
429,2013-06-16 03:06:39+00:00,346101487761494016,@machine_ov_hate I'm glad I was able to make you laugh!!! #WPWW
430,2013-06-16 00:44:43+00:00,346065769647439872,@netanyahu How many #Palestinian children have been killed by #Israeli troops? And you have the nerve to call yourselves God's chosen people
431,2013-06-16 00:42:17+00:00,346065154749911041,@netanyahu I'll stop being anti-Semitic when you kikes stop your white genocide! #HeilHitler
432,2013-06-16 00:40:43+00:00,346064760799887360,@netanyahu How many of your family members supposedly died in the Holoco$t??? #gaschambers #Auschwitz
433,2013-06-15 01:13:31+00:00,345710627546869760,#youtube We Will Not Go Down (Song for Gaza) -  Michael Heart - OFFICIAL VIDEO http://t.co/XLDeuutSdT
434,2013-06-14 20:16:43+00:00,345635934743695360,"Q: How many Jews can you fit in a Volkswagen? A: 100. Two in the front, two in the back, and 96 in the ashtray."
435,2013-06-14 20:11:50+00:00,345634708870283265,Copper wire was invented by two Jews who were fighting over a penny.
436,2013-06-13 20:07:44+00:00,345271287691747330,@MikeBloomberg I'm drinking a large 44oz soda. You gonna try and stop me? Haha! #Kike #heilhitler
437,2013-06-13 00:00:56+00:00,344967588566167552,"@TooRacist Q: How long does it take for a black woman to take a shit?
A: Nine months"
438,2013-06-12 23:52:17+00:00,344965409830748162,"@netanyahu FUCK YOU! Sincerely, the Aryan People."
439,2013-06-12 23:42:00+00:00,344962821924200448,"@netanyahu First we're going to save America, and then we're going to save palestine! Be warned! #heilhitler"
440,2013-06-12 23:40:46+00:00,344962512023867393,@netanyahu Check this out! Your Jewish bitch doesn't even look at the facts! http://t.co/DVF0JViI2B
441,2013-06-12 23:39:47+00:00,344962262366318593,@RealAlexJones We're on to you! http://t.co/DVF0JViI2B
442,2013-06-12 23:38:28+00:00,344961933931327488,@netanyahu I think you should read this article... You may learn something! http://t.co/oxwmgI2FVz
443,2013-06-12 23:10:22+00:00,344954860619300864,http://t.co/DVF0JViI2B
444,2013-06-12 23:03:20+00:00,344953092397219840,http://t.co/4OWfoDAWzo
445,2013-06-12 22:59:34+00:00,344952142496419841,The first #Holocaust survival story included accusations of electric conveyor belts which killed jews... now it's #gaschambers.
446,2013-06-12 18:40:49+00:00,344887025385742336,@RealAlexJones Why don't you ever want to admit that the Holoco$t never happened?
447,2013-06-12 05:18:37+00:00,344685146496172036,"@netanyahu If you and all your big-nosed kike friends want to ask for a #Holocaust, maybe I'll give you one!"
448,2013-06-12 05:16:41+00:00,344684658266607617,@netanyahu Are you worried? Your Holoco$t lies are about to be uncovered. You should be very scared of what we can do to you! Heil Hitler!
449,2013-06-12 05:14:28+00:00,344684102529732608,@netanyahu All you hook-nosed kikes will pay...
450,2013-06-12 05:13:06+00:00,344683758726832129,@netanyahu My National Socialist party is going to bring your Jew World Order crashing down! Heil Hitler!
451,2013-06-12 05:11:17+00:00,344683300633329664,@netanyahu I'm not fooled by you... Fuck #Israel! #Iran is going to wipe it off the map!
452,2013-06-12 05:09:03+00:00,344682739922006017,@netanyahu your plans for white genocide will soon come to an end. Heil Hitler!
453,2013-06-12 05:07:24+00:00,344682321686953985,#Sweden riots continue and the cops stand idly by. Swedes live in terror because of Jewish-run foreign immigration. #WPWW
454,2013-06-09 07:41:15+00:00,343633878499618816,When are we going to pull our troops out of #Afghanistan and secure the #Mexican border!? #IllegalImmigration
455,2013-06-07 18:00:11+00:00,343064859946139648,"Capitalism is a jewish lie. Communism is also run by jews. Don't fall for a democracy, either. National Socialism is the only way to go."
456,2013-06-06 19:52:47+00:00,342730808420888576,Palestinian children are dying every day- and it's YOUR tax dollars that fund the murderers! Boycott #Israel!
457,2013-06-06 19:51:01+00:00,342730366773248000,Did anyone else bother watching Obama praise Israel when someone asked him why we continue to support a tyrannical country?
458,2013-06-06 19:49:56+00:00,342730091387826176,#Holder has his head up his ass. He's going to screw over America yet again.
459,2013-06-03 03:17:24+00:00,341393149224173569,#WhiteSouthAfrica needs YOUR help! Stop the genocide!
460,2013-06-01 22:34:46+00:00,340959636662394880,#Israel is not the problem. The #Jews and the way they treat #Palestinians is the problem.
461,2013-05-31 04:58:28+00:00,340331421249970176,All hail the #GoldenDawn! http://t.co/JCSoHkoqmC
462,2013-05-31 03:15:40+00:00,340305551579824128,@WhiteResister: Thousands of Latvians Honor the Waffen SS at Riga's Liberty Monument http://t.co/UX89uv480p
463,2013-05-30 05:55:59+00:00,339983507831009281,#Palestine is a peaceful country full of good people. #Israel is a militant country full of terrorists. #FreePalestine now!
464,2013-05-29 07:00:56+00:00,339637466669645824,#AdamKokesh is a fucking kike and should be executed for sedition.
465,2013-05-28 17:07:27+00:00,339427710961078272,@zogfreemedia I have a Facebook group called National Socialists for America. I need dedicated NS so it'd be great if you could advertise it
466,2013-05-27 18:53:45+00:00,339092073984688129,#youtube God Bless The U.S.A. http://t.co/ogeUsLgt64
467,2013-05-27 05:27:09+00:00,338889090084794369,#DennisRodman: foreign diplomat. Looks like #KimJongUn's bitch also hates #Obama!
468,2013-05-27 05:25:48+00:00,338888747552735233,#Feinstein is a Jew who wants your #guns! Fight #guncontrol or the Jews will have you right where they want you: unarmed in the face of war.
469,2013-05-27 05:23:22+00:00,338888134718783488,"For a religion of peace, #Muslims sure like to kill people."
470,2013-05-27 05:20:16+00:00,338887356629258242,"All hail the #GoldenDawn, for they shall save Greece."
471,2013-05-27 05:18:53+00:00,338887006585229312,"@amband2 @chippino even if the politicians aren't jews themselves, they're still jewish puppets. 25% don't support zionism."
472,2013-05-26 19:17:24+00:00,338735639988146177,"Fact: While making up only 2% of the American population, Jews control all the banks and 75% of politicians."
473,2013-05-26 16:17:03+00:00,338690252107563011,Los Angeles gets Jew Dual Citizen traitor for Ma‚Ä¶ http://t.co/akVIHB4Iew
474,2013-05-26 05:15:42+00:00,338523819977371648,http://t.co/iw0CUtRnKS -- FBI: Agents died in fall from helicopter off Va. coast
475,2013-05-26 03:38:20+00:00,338499317042139136,Arbeit Macht Frei!
476,2013-05-26 03:34:05+00:00,338498246055968768,Why were so many Allied soldiers surprised at how good conditions were in the camps? Unless... maybe the #Jews weren't being executed...
477,2013-05-26 00:02:09+00:00,338444910032216066,The Jewish lies will soon be exposed!!! #WhitePride
478,2013-05-25 18:55:59+00:00,338367860458016769,If you can't handle the truth about #POTUS and #ZOG then don't follow me.
479,2013-05-25 15:28:24+00:00,338315623027339265,Faith in the Struggle by Ian Stuart http://t.co/7a66SADE14 via @TheEndOfZioncom
480,2013-05-25 04:33:55+00:00,338150915175481344,#NWO seems to be getting underway. New #Communism run by #Zionists like the #SovietUnion.
481,2013-05-24 21:06:03+00:00,338038206949896194,#youtube Part 1 Adolf Hitler - The greatest story NEVER told! http://t.co/g2h6tKRFyB
482,2013-05-24 15:52:02+00:00,337959182768689152,It won't be much longer before I will have gathered up all the evidence I need to prove that the Holocaust is fake.
483,2013-05-24 05:05:56+00:00,337796584769204224,"Call VA support hotline, lose your guns. http://t.co/Fb3T5vx9YQ"
484,2013-05-24 04:14:28+00:00,337783631235928064,Catholic German Cardinal Actually Opposes White Genocide in Germany http://t.co/vnSyCqo2Dm
485,2013-05-23 20:12:13+00:00,337662271591436288,911 Dispatcher Tells Woman About To Be Sexually Assaulted There Are No Cops To Help Her ¬´ CBS Seattle http://t.co/pVl2TmlF4H
486,2013-05-23 04:30:42+00:00,337425331130597376,#youtube Insurgent Mortar http://t.co/gBkEccoJjc
487,2013-05-23 01:45:58+00:00,337383874936074241,Currently reading http://t.co/XVEZFvU9sP
488,2013-05-22 23:56:04+00:00,337356215749332992,Golden Dawn - International Newsroom: New provocation against Golden Dawn - Even the rocks are laughing: http://t.co/YzR5HAcc57
489,2013-05-22 22:43:34+00:00,337337973240655872,Holocaust survivor Elie Wiesel was photographed with his arm raised and his Auschwitz tattoo was not there! Where did it go?
490,2013-05-22 19:40:41+00:00,337291948127830016,Vents in the floors of gaschambers in Auschwitz were connected to the sewers.If gas was used the whole camp would have been contaminated.
491,2013-05-22 05:36:12+00:00,337079428012191744,How Hitler defied the bankers - Wake Up From Your Slumber http://t.co/ac5kSJKwau via @AddThis
492,2013-05-22 04:17:09+00:00,337059531077083136,Holocaust Hoax http://t.co/C00Hg6S5F6
493,2013-05-22 03:09:07+00:00,337042413417799681,"If you go on Facebook, you can look up my group ""National Socialists for America"" and we can discuss history/politics there."
494,2013-05-22 00:59:15+00:00,337009728431472641,"Poland wasn't the weak, helpless country that it's made out to have been. They attacked Germany first, in the Danzig Massacre."
495,2013-05-21 17:16:48+00:00,336893350806421504,hahaha i am now following 88 people.
496,2013-05-21 17:09:34+00:00,336891530050678785,"Fact: As a result of the 6 Day War, Israel stole even more land from the Palestinians."
497,2013-05-21 02:45:09+00:00,336673992549203969,whew i'm glad that's over! some people just can't handle the truth. 14/88
498,2013-05-21 01:56:58+00:00,336661865650348033,Fact: In 1938 Hitler passed a new gun bill that made it easier for German citizens to own guns.
499,2013-05-21 01:14:22+00:00,336651147706261504,@the_transient based on your claims i guess everyone's a goddamn jew right? @devlonictus9 Heil Hitler!
500,2013-05-21 01:08:38+00:00,336649701082402816,@the_transient you're a dumbass. you claim to hate jews and then insult the greatest jewhater in history
501,2013-05-20 20:41:35+00:00,336582496563113984,Fact: Adam Kokesh is the douche bag kike that reported me on Facebook. His pansy ass coulldn't take it!
502,2013-05-20 20:40:10+00:00,336582139422322690,"Fact: Hitler was rejected from the Austrian army for being ""too weak"". Guess he showed them!"
503,2013-05-20 20:38:09+00:00,336581635195666432,@devlonictus9 i post that stuff all the time. this is my first ban because some pansy kike didn't like it
504,2013-05-20 20:35:59+00:00,336581089822900224,@the_transient Hitler was no jew. the communists started the lie to cause chaos in the Nazi leadership.
505,2013-05-20 12:44:41+00:00,336462480610050048,"Just got a 12 hour ban from Facebook for posting ""Douche bag kike!"" on some Jew's page hahaha :)"
506,2013-05-20 10:58:17+00:00,336435705213497344,"Fact: the holiest book of Judaism, the Talmud, preaches hatred towards the ""Goyim"", or non-Jews. The word means ""less than human""."
507,2013-05-20 10:53:52+00:00,336434593504841728,"Fact: Israel's Mossad arrested Adolf Eichmann, architect of Camp Auschwitz, without even knowing what to charge him with."
508,2013-05-20 09:56:52+00:00,336420250121809920,Fact: The US provoked Japan to throw the first strike so the US could enter the war. A Zionist setup.
509,2013-05-20 09:30:50+00:00,336413699239718912,Here's an idea: how about we send Adam Kokesh to Guantanamo Bay?
510,2013-05-20 07:52:31+00:00,336388953735303168,"Fact: It would have taken 68 years to gas 6 mil kikes, let alone the other 5 mil non-jews supposedly gassed."
511,2013-05-20 04:37:10+00:00,336339796165267456,Loud and Proud! Heil Hitler!
512,2013-05-20 04:35:53+00:00,336339471874281473,Fact: Scumbag Stalin had some 20 million people killed and he liked the Jews.
513,2013-05-20 04:31:27+00:00,336338355971293186,A Jew claimed to have survived gas 8 times- in a camp that was proven to not have gas chambers!
514,2013-05-20 04:03:05+00:00,336331217819553794,Several Holocaust survivors have been cought in their lies.
515,2013-05-20 03:42:12+00:00,336325960611807232,@phxken @whitepride33 impeach the bastard!
516,2013-05-20 03:32:03+00:00,336323408033878019,Jews torture murder and rape Palestinians while stealing their land and money.
517,2013-05-20 03:26:53+00:00,336322106734309376,National Socialism is the only acceptable way of life.
518,2013-05-20 02:49:14+00:00,336312630086074369,Fact: Poland attacked Germany first.
519,2013-05-20 01:33:57+00:00,336293684691750912,"Fact: When Obama became senator, he said he was born in Kenya."
520,2013-05-20 01:33:12+00:00,336293499475476480,Fact: The Israeli ex-president was found guilty of rape
521,2013-05-20 01:30:22+00:00,336292785848209409,Netanyahu all but admitted that Israel set up 9/11.
522,2013-05-20 01:29:35+00:00,336292587000459265,"Want to hear a joke? 
The Holocaust."
523,2013-05-20 01:16:41+00:00,336289341997453312,"Inventor Of ADHD's Deathbed Confession: ""ADHD Is A Fictitious Disease"": http://t.co/rxUq6V2r0z"
524,2013-05-20 01:01:32+00:00,336285528204926976,Fact: Hitler never wanted to go to war.
525,2013-05-20 00:54:42+00:00,336283806686404608,Fact: Lincoln never wanted blacks in power.
526,2013-05-20 00:34:45+00:00,336278786381344769,Fact: Churchill hated Jews.
527,2013-05-19 22:58:18+00:00,336254516058013696,they said in 1945 that 6 mil were liberated.
528,2013-05-19 22:54:22+00:00,336253526416162816,at one point they even said that Iraq had gas chambers for Jews. an obvious lie.
529,2013-05-19 22:50:12+00:00,336252478788104192,#youtube Triumph des Willens (1935) - Triumph of the Will http://t.co/SmlWVuCuLE
530,2013-05-19 22:48:25+00:00,336252027984302080,September 11 1912 the Jews claimed that the Russians were killing 6 million Jews.
531,2013-05-19 22:20:53+00:00,336245098968936449,I don't think these damn kikes can keep up their Holohoax lie much longer...
532,2013-05-19 03:00:38+00:00,335953114387595264,"the earliest six million claim i found so far dates back to 1899, they blamed Russia."
533,2013-05-19 02:56:29+00:00,335952069376761856,"The Jews used the ""Six Million"" figure before World War One."
